id,title,release_date,genres,original_language,popularity,vote_average,vote_count,adult
969681,Spider-Man: Brand New Day,2026-07-29,Science Fiction|Action|Adventure,en,1875.3748,7.886,1969,False
1368337,The Odyssey,2026-07-15,Adventure|Action|Fantasy,en,728.3957,7.986,2985,False
1084244,Toy Story 5,2026-06-17,Animation|Family|Comedy|Adventure,en,404.7642,7.9,1193,False
634649,Spider-Man: No Way Home,2021-12-15,Action|Adventure|Science Fiction,en,386.8832,7.941,22765,False
1375646,Colony,2026-05-21,Action|Horror|Science Fiction,ko,292.2132,8.096,553,False
1315772,Minions & Monsters,2026-06-24,Adventure|Animation|Comedy|Family|Fantasy,en,264.2694,7.499,763,False
1339713,Obsession,2026-05-13,Horror|Thriller,en,232.9651,8.2,4860,False
1284041,The Last House,2026-08-06,Horror|Science Fiction|Thriller,en,218.8879,6.917,903,False
1284465,The Death of Robin Hood,2026-06-18,Adventure|Drama|Action,en,204.5826,6.289,232,False
1101383,The End of Oak Street,2026-08-12,Science Fiction|Mystery|Thriller,en,202.1509,6.463,268,False
1108427,Moana,2026-07-08,Family|Fantasy|Comedy|Adventure,en,194.8449,6.041,209,False
1275779,Disclosure Day,2026-06-10,Science Fiction|Thriller,en,167.6166,7.458,2911,False
1212763,Evil Dead Burn,2026-07-07,Horror,en,153.2715,7.9,1184,False
82023,Hotel Desire,2011-12-07,Drama|Romance,de,138.4892,6.171,155,False
1081003,Supergirl,2026-06-24,Action|Adventure|Science Fiction,en,131.9168,6.749,1957,False
1083381,Backrooms,2026-05-27,Horror|Mystery|Science Fiction,en,131.004,7.1,2859,False
687163,Project Hail Mary,2026-03-15,Science Fiction|Adventure,en,125.0677,8.7,7196,False
1273221,Scary Movie,2026-06-03,Comedy,en,121.2712,6.432,1675,False
1307118,Soulm8te,2026-07-31,Horror|Science Fiction|Thriller,en,120.8394,7.237,215,False
315635,Spider-Man: Homecoming,2017-07-05,Action|Adventure|Science Fiction,en,118.0399,7.333,23699,False
1612018,Jackass: Best and Last,2026-06-25,Action|Comedy|Documentary,en,106.9577,7.518,165,False
980431,Avatar Aang: The Last Airbender,2026-07-24,Animation|Action|Adventure|Fantasy,en,105.1595,9.227,913,False
454639,Masters of the Universe,2026-06-03,Action|Fantasy|Science Fiction,en,102.6947,7.174,1873,False
1481343,The Devil's Mouth,2026-07-29,Horror|Thriller,en,102.3229,6.579,662,False
1523145,Your Heart Will Be Broken,2026-03-26,Romance,ru,98.4879,7.1,121,False
557,Spider-Man,2002-05-01,Action|Science Fiction,en,97.8961,7.347,21202,False
1698863,The Odyssey,2026-07-03,Adventure|Fantasy|Action,en,97.7987,4.052,281,False
1311031,Demon Slayer: Kimetsu no Yaiba Infinity Castle,2025-07-18,Animation|Action|Fantasy,ja,92.3438,8.731,1901,False
755898,War of the Worlds,2025-07-29,Science Fiction|Thriller,en,92.1634,4.061,1084,False
950028,The Invite,2026-06-25,Comedy|Drama|Romance,en,91.2691,7.379,280,False
299536,Avengers: Infinity War,2018-04-25,Adventure|Action|Science Fiction,en,89.5614,8.241,32630,False
278,The Shawshank Redemption,1994-09-23,Drama|Crime,en,87.6812,8.7,31090,False
441168,From Straight A's to XXX,2017-02-11,Drama|TV Movie,en,87.6188,5.9,167,False
1564614,Leviticus,2026-06-17,Horror|Romance,en,87.491,6.747,393,False
83533,Avatar: Fire and Ash,2025-12-17,Science Fiction|Adventure|Fantasy,en,86.9289,7.645,4163,False
1280738,The Furious,2026-06-10,Action|Crime|Thriller,zh,86.4293,8.108,571,False
1493400,Camp Rock 3,2026-08-13,Music|Comedy|Drama|TV Movie,en,81.6613,6.343,70,False
936075,Michael,2026-04-22,Music|Drama,en,78.3949,8.67,4090,False
24428,The Avengers,2012-04-25,Science Fiction|Action|Adventure,en,76.4139,8.067,39317,False
1314481,The Devil Wears Prada 2,2026-04-29,Comedy|Drama,en,73.7744,7.069,2118,False
1930,The Amazing Spider-Man,2012-06-23,Action|Adventure|Science Fiction,en,72.2394,6.754,18945,False
5721,Vixen!,1968-10-15,Drama,en,71.9312,5.486,108,False
1569947,The Priest: Thanksgiving Massacre,2025-08-08,Horror,en,71.0066,3.429,56,False
1439930,The Punisher: One Last Kill,2026-05-12,Action|Drama|Crime,en,70.251,8.289,2094,False
1630409,The Debt Collector,2026-07-20,Action|Thriller|Crime,th,69.6725,8.0,109,False
1084242,Zootopia 2,2025-11-26,Animation|Adventure|Comedy|Mystery|Family,en,69.3044,7.677,3298,False
1127384,Deep Water,2026-04-30,Horror|Thriller,en,68.7426,7.132,406,False
157336,Interstellar,2014-11-05,Adventure|Drama|Science Fiction,en,67.3846,8.485,40822,False
1110034,Kraken,2026-02-06,Horror|Action|Thriller,no,67.1642,6.3,279,False
1668364,Desire,2026-05-07,Mystery|Drama,es,65.9462,6.776,232,False
429617,Spider-Man: Far From Home,2019-06-28,Action|Adventure|Science Fiction,en,64.9587,7.394,17440,False
299534,Avengers: Endgame,2019-04-24,Adventure|Science Fiction|Action,en,64.8006,8.24,28383,False
27205,Inception,2010-07-15,Action|Science Fiction|Adventure,en,64.5184,8.373,39943,False
1228710,The Mandalorian and Grogu,2026-05-20,Action|Adventure|Science Fiction,en,64.3935,7.51,1316,False
559,Spider-Man 3,2007-05-01,Action|Adventure|Science Fiction,en,62.7649,6.475,15612,False
569094,Spider-Man: Across the Spider-Verse,2023-05-31,Animation|Action|Adventure|Science Fiction,en,62.344,8.344,9058,False
155,The Dark Knight,2008-07-16,Action|Crime|Thriller,en,61.6543,8.534,36450,False
1226863,The Super Mario Galaxy Movie,2026-04-01,Family|Comedy|Adventure|Fantasy|Animation,en,59.8156,8.242,3496,False
1419406,The Shadow's Edge,2025-08-16,Action|Crime|Drama|Thriller,zh,58.8439,8.12,1229,False
238,The Godfather,1972-03-14,Drama|Crime,en,58.7501,8.685,23384,False
931285,Mortal Kombat II,2026-05-06,Action|Fantasy|Adventure,en,58.1276,7.87,2395,False
822119,Captain America: Brave New World,2025-02-12,Action|Thriller|Science Fiction,en,57.2012,5.945,3297,False
1698856,Master of the Universe,2026-05-22,Science Fiction|Action|Fantasy,en,56.913,5.0,72,False
324857,Spider-Man: Into the Spider-Verse,2018-12-06,Animation|Action|Adventure|Science Fiction,en,56.6372,8.4,17672,False
1290821,Shelter,2026-01-28,Action|Crime|Thriller,en,55.3851,7.784,1721,False
533535,Deadpool & Wolverine,2024-07-24,Action|Comedy|Science Fiction,en,53.7189,7.585,9220,False
102382,The Amazing Spider-Man 2,2014-04-16,Action|Adventure|Science Fiction,en,53.6519,6.555,14606,False
1184918,The Wild Robot,2024-09-12,Family|Animation|Science Fiction|Adventure,en,53.5193,8.3,6466,False
1327819,Hoppers,2026-03-04,Adventure|Animation|Comedy|Family|Science Fiction,en,52.0204,8.2,2206,False
271110,Captain America: Civil War,2016-04-27,Adventure|Action|Science Fiction,en,50.2016,7.451,24400,False
617126,The Fantastic 4: First Steps,2025-07-23,Science Fiction|Adventure|Action,en,50.0045,6.948,3726,False
99861,Avengers: Age of Ultron,2015-04-22,Action|Adventure|Science Fiction,en,49.9346,7.276,24846,False
1007757,Swapped,2026-05-01,Adventure|Animation|Family|Fantasy,en,49.9344,8.88,2113,False
122,The Lord of the Rings: The Return of the King,2003-12-17,Adventure|Fantasy|Action,en,48.7188,8.504,27129,False
803796,KPop Demon Hunters,2025-06-20,Fantasy|Music|Comedy|Animation,en,47.7806,8.001,3123,False
1242898,Predator: Badlands,2025-11-05,Action|Science Fiction|Adventure,en,46.8654,7.827,3510,False
1234821,Jurassic World Rebirth,2025-06-23,Science Fiction|Adventure|Action,en,46.4419,6.257,3668,False
1368166,The Housemaid,2025-12-18,Mystery|Thriller,en,46.1067,7.273,2891,False
1304313,Lee Cronin's The Mummy,2026-04-15,Horror|Mystery,en,45.8463,7.899,2530,False
603,The Matrix,1999-03-31,Action|Science Fiction,en,45.7419,8.255,28509,False
652,Troy,2004-05-13,War|Action|History,en,45.1131,7.187,11400,False
671,Harry Potter and the Philosopher's Stone,2001-11-16,Adventure|Fantasy,en,44.1782,7.902,30043,False
1726,Iron Man,2008-04-30,Action|Science Fiction|Adventure,en,43.6977,7.7,28615,False
872585,Oppenheimer,2023-07-19,Drama|History,en,43.6388,8.023,12275,False
680,Pulp Fiction,1994-09-10,Thriller|Crime|Comedy,en,43.3272,8.48,30677,False
840464,Greenland 2: Migration,2026-01-07,Adventure|Thriller|Science Fiction,en,42.8162,6.4,1464,False
1413976,Citizen Vigilante,2026-06-19,Thriller|Action|Crime,en,42.7451,6.369,332,False
361743,Top Gun: Maverick,2022-05-21,Action|Drama,en,42.637,8.16,11386,False
550,Fight Club,1999-10-15,Drama|Thriller,en,41.6317,8.437,32667,False
453395,Doctor Strange in the Multiverse of Madness,2022-05-04,Fantasy|Action|Adventure,en,41.5926,7.226,10681,False
1724,The Incredible Hulk,2008-06-12,Science Fiction|Action|Adventure,en,41.2837,6.255,13008,False
986056,Thunderbolts*,2025-04-30,Action|Science Fiction|Adventure,en,41.1914,7.299,3907,False
693134,Dune: Part Two,2024-02-27,Science Fiction|Adventure,en,41.0533,8.133,8402,False
120,The Lord of the Rings: The Fellowship of the Ring,2001-12-18,Adventure|Fantasy|Action,en,40.7097,8.442,28142,False
98,Gladiator,2000-05-04,Action|Drama|Adventure,en,40.0456,8.23,21306,False
105,Back to the Future,1985-07-03,Adventure|Comedy|Science Fiction,en,39.2685,8.328,22211,False
436969,The Suicide Squad,2021-07-28,Action|Comedy|Adventure,en,38.843,7.452,9797,False
1301421,The Sheep Detectives,2026-04-30,Comedy|Family|Mystery,en,38.7013,7.924,1456,False
284053,Thor: Ragnarok,2017-10-02,Action|Science Fiction|Comedy|Adventure,en,38.6435,7.582,22349,False
14836,Coraline,2009-02-05,Animation|Family|Fantasy,en,38.0787,7.93,9312,False
1125257,Freakier Friday,2025-08-06,Comedy|Fantasy|Family,en,37.4321,6.779,784,False
967941,Wicked: For Good,2025-11-19,Fantasy|Adventure|Romance,en,37.1124,6.607,1112,False
496243,Parasite,2019-05-30,Comedy|Thriller|Drama,ko,36.869,8.491,21128,False
1497463,All That We Never Were,2026-06-04,Drama|Romance,es,36.8448,8.047,75,False
1325734,The Drama,2026-04-01,Romance|Comedy|Drama,en,36.8144,6.914,1602,False
76341,Mad Max: Fury Road,2015-05-13,Action|Adventure|Science Fiction,en,36.7353,7.636,24436,False
1122573,In the Grey,2026-05-13,Action|Thriller,en,36.4656,7.587,738,False
13,Forrest Gump,1994-06-23,Comedy|Drama|Romance,en,36.4065,8.463,30251,False
798645,The Running Man,2025-11-11,Action|Thriller|Science Fiction,en,36.4002,6.7,1883,False
1265609,War Machine,2026-02-12,Action|Science Fiction|Thriller,en,36.3923,7.44,2320,False
949838,72 HOURS,2026-07-20,Comedy|Crime,en,36.236,6.845,374,False
597,Titanic,1997-12-18,Drama|Romance,en,36.183,7.9,27568,False
1308767,Young Washington,2026-07-02,History|War|Drama,en,36.1376,7.741,87,False
121,The Lord of the Rings: The Two Towers,2002-12-18,Adventure|Fantasy|Action,en,35.9558,8.426,24393,False
1318447,Apex,2026-04-24,Action|Thriller,en,35.9538,6.891,1824,False
976912,Graphic Desires,2023-08-31,Thriller|Crime,en,35.8934,6.972,144,False
350,The Devil Wears Prada,2006-06-29,Drama|Comedy,en,35.6688,7.439,14107,False
1061474,Superman,2025-07-09,Science Fiction|Adventure|Action,en,35.5126,7.325,5301,False
424,Schindler's List,1993-12-15,Drama|History|War,en,35.3747,8.57,17767,False
12444,Harry Potter and the Deathly Hallows: Part 1,2010-11-17,Adventure|Fantasy,en,35.2534,7.733,20682,False
354912,Coco,2017-10-27,Family|Animation|Music|Adventure,en,35.1674,8.197,21276,False
862,Toy Story,1995-11-22,Family|Comedy|Animation|Adventure,en,35.1485,7.986,20360,False
1272837,28 Years Later: The Bone Temple,2026-01-14,Horror|Thriller|Science Fiction,en,35.1051,7.095,1627,False
1318621,Descendants: Wicked Wonderland,2026-07-16,TV Movie|Family|Fantasy|Adventure,en,35.0617,7.6,155,False
1382832,Hungry,2026-06-03,Thriller|Horror,en,34.9408,7.2,230,False
672,Harry Potter and the Chamber of Secrets,2002-11-13,Adventure|Fantasy,en,34.7417,7.707,23929,False
911430,F1,2025-06-25,Action|Drama,en,34.7312,7.819,4495,False
1168190,The Wrecking Crew,2026-01-28,Action|Comedy|Crime|Mystery,en,34.6719,7.072,1218,False
129,Spirited Away,2001-07-20,Animation|Family|Fantasy,ja,34.5587,8.534,18732,False
674,Harry Potter and the Goblet of Fire,2005-11-16,Adventure|Fantasy,en,34.3894,7.801,22513,False
246655,X-Men: Apocalypse,2016-05-18,Science Fiction|Fantasy|Action,en,34.3808,6.527,13994,False
76338,Thor: The Dark World,2013-10-30,Action|Adventure|Fantasy,en,34.2067,6.51,18604,False
438631,Dune,2021-09-15,Science Fiction|Adventure,en,33.3156,7.783,15368,False
950387,A Minecraft Movie,2025-03-31,Family|Fantasy|Comedy|Adventure,en,33.0716,6.233,3224,False
284052,Doctor Strange,2016-10-25,Fantasy|Adventure|Action,en,32.8967,7.424,23756,False
68718,Django Unchained,2012-12-25,Drama|Western,en,32.8422,8.193,28433,False
390062,Jungle,2017-06-27,Adventure|Drama|Thriller,en,32.6933,6.692,2208,False
1010581,My Fault,2023-06-08,Drama|Romance|Thriller,es,32.5532,7.729,4170,False
673,Harry Potter and the Prisoner of Azkaban,2004-05-31,Adventure|Fantasy,en,32.5383,8.01,23507,False
1297842,GOAT,2026-02-11,Animation|Comedy|Family,en,32.4559,8.094,999,False
12445,Harry Potter and the Deathly Hallows: Part 2,2011-07-12,Adventure|Fantasy,en,32.4161,8.081,22312,False
857,Saving Private Ryan,1998-07-24,War|Drama|History,en,32.3616,8.233,17625,False
933260,The Substance,2024-09-07,Horror|Science Fiction,en,32.341,7.131,6336,False
447365,Guardians of the Galaxy Vol. 3,2023-05-03,Science Fiction|Adventure|Action,en,32.3326,7.934,8675,False
138843,The Conjuring,2013-07-18,Horror|Thriller,en,32.2797,7.542,12969,False
807,Se7en,1995-09-22,Crime|Mystery|Thriller,en,32.2119,8.38,23587,False
1233413,Sinners,2025-04-16,Horror|Action|Thriller,en,32.1756,7.504,5032,False
497,The Green Mile,1999-12-10,Fantasy|Drama|Crime,en,32.0676,8.506,19647,False
10138,Iron Man 2,2010-04-28,Adventure|Action|Science Fiction,en,32.0665,6.855,22759,False
106646,The Wolf of Wall Street,2013-12-25,Crime|Drama|Comedy,en,31.9467,8.026,26347,False
335984,Blade Runner 2049,2017-10-04,Science Fiction|Drama,en,31.9129,7.6,15513,False
240,The Godfather Part II,1974-12-20,Drama|Crime,en,31.8998,8.6,14202,False
11,Star Wars,1977-05-25,Adventure|Action|Science Fiction,en,31.8648,8.206,22694,False
539972,Kraven the Hunter,2024-12-11,Action|Adventure|Thriller,en,31.7254,6.42,2451,False
385687,Fast X,2023-05-17,Action|Crime|Thriller,en,31.5313,6.984,6444,False
324786,Hacksaw Ridge,2016-10-07,Drama|History|War,en,31.2775,8.192,15157,False
1218925,Chainsaw Man - The Movie: Reze Arc,2025-09-19,Animation|Action|Romance|Fantasy,ja,30.679,8.5,1128,False
475557,Joker,2019-10-01,Crime|Thriller|Drama,en,30.6379,8.119,28137,False
19995,Avatar,2009-12-16,Science Fiction|Action|Adventure,en,30.5197,7.609,34483,False
10195,Thor,2011-04-21,Adventure|Fantasy|Action,en,30.456,6.772,22669,False
49026,The Dark Knight Rises,2012-07-17,Action|Crime|Drama|Thriller,en,30.454,7.797,24762,False
18,The Fifth Element,1997-05-02,Science Fiction|Action|Adventure,fr,30.4127,7.59,12024,False
284054,Black Panther,2018-02-13,Action|Adventure|Science Fiction,en,30.3263,7.364,23816,False
49018,Insidious,2011-03-31,Horror|Thriller,en,30.3201,6.949,7486,False
13333,Game of Death,1978-03-23,Drama|Action|Thriller,cn,30.1316,6.373,749,False
675,Harry Potter and the Order of the Phoenix,2007-07-08,Adventure|Fantasy,en,30.1221,7.673,21113,False
1263532,Beast Race,2026-03-17,Action|Science Fiction|Thriller,pt,30.1107,6.738,86,False
1022789,Inside Out 2,2024-06-11,Animation|Adventure|Comedy|Family,en,30.1075,7.541,6901,False
293660,Deadpool,2016-02-09,Action|Adventure|Comedy,en,30.0897,7.626,33135,False
414906,The Batman,2022-03-01,Crime|Mystery|Thriller,en,30.0853,7.668,12358,False
863,Toy Story 2,1999-10-30,Animation|Comedy|Family,en,30.0834,7.619,15232,False
767,Harry Potter and the Half-Blood Prince,2009-07-15,Adventure|Fantasy,en,29.9951,7.682,21081,False
10681,WALL·E,2008-06-26,Animation|Family|Science Fiction,en,29.6431,8.12,20700,False
372058,Your Name.,2016-07-01,Animation|Romance|Drama,ja,29.6334,8.484,12883,False
198663,The Maze Runner,2014-09-10,Action|Mystery|Science Fiction|Thriller,en,29.5589,7.191,18365,False
1171145,Crime 101,2026-02-11,Crime|Thriller,en,29.2843,7.009,1292,False
76600,Avatar: The Way of Water,2022-12-14,Action|Adventure|Science Fiction,en,29.1276,7.588,14519,False
244786,Whiplash,2014-10-10,Drama|Music|Thriller,en,29.1212,8.375,16952,False
299537,Captain Marvel,2019-03-06,Action|Adventure|Science Fiction,en,29.1177,6.773,17026,False
1100988,28 Years Later,2025-06-18,Horror|Thriller|Science Fiction,en,29.1081,6.609,2833,False
1380291,Tom Clancy's Jack Ryan: Ghost War,2026-05-20,Action|Thriller,en,29.0685,6.935,739,False
122917,The Hobbit: The Battle of the Five Armies,2014-12-10,Action|Adventure|Fantasy,en,28.9334,7.339,15637,False
489,Good Will Hunting,1997-12-05,Drama,en,28.75,8.164,14168,False
1305781,Blades of the Guardians,2026-02-17,Action|Adventure|Drama|Western,zh,28.6256,8.1,205,False
22,Pirates of the Caribbean: The Curse of the Black Pearl,2003-07-09,Adventure|Fantasy|Action,en,28.5221,7.833,22614,False
808,Shrek,2001-05-18,Animation|Comedy|Fantasy|Adventure|Family,en,28.4389,7.776,19155,False
912649,Venom: The Last Dance,2024-10-22,Science Fiction|Action|Adventure,en,28.4012,6.671,4433,False
939243,Sonic the Hedgehog 3,2024-12-19,Action|Science Fiction|Comedy|Family,en,28.317,7.599,3411,False
616037,Thor: Love and Thunder,2022-07-06,Fantasy|Action|Comedy,en,28.0741,6.359,8812,False
1054867,One Battle After Another,2025-09-23,Thriller|Crime|Comedy,en,28.0738,7.3,4110,False
283995,Guardians of the Galaxy Vol. 2,2017-04-25,Science Fiction|Adventure|Action,en,27.8366,7.609,23282,False
11324,Shutter Island,2010-02-14,Drama|Thriller|Mystery,en,27.8018,8.197,26262,False
10193,Toy Story 3,2010-06-16,Animation|Family|Comedy,en,27.7267,7.814,16083,False
499546,We,2018-07-12,Crime|Drama|History,nl,27.6192,5.387,119,False
1241982,Moana 2,2024-11-21,Adventure|Animation|Comedy|Family|Fantasy,en,27.4435,6.99,3228,False
497698,Black Widow,2021-07-07,Action|Adventure|Science Fiction,en,27.4257,7.155,11499,False
109445,Frozen,2013-11-20,Animation|Family|Adventure|Fantasy,en,27.3886,7.249,17799,False
585,"Monsters, Inc.",2001-11-01,Animation|Comedy|Family|Fantasy,en,27.2787,7.856,20112,False
2062,Ratatouille,2007-06-28,Animation|Comedy|Family|Fantasy,en,27.118,7.846,18803,False
502356,The Super Mario Bros. Movie,2023-04-05,Family|Comedy|Adventure|Fantasy|Animation,en,27.1023,7.596,11041,False
389,12 Angry Men,1957-04-10,Drama,en,26.9569,8.6,10254,False
575265,Mission: Impossible - The Final Reckoning,2025-05-17,Action|Thriller|Adventure,en,26.9456,7.175,3054,False
1159559,Scream 7,2026-02-25,Horror|Mystery|Crime,en,26.7503,6.236,1227,False
8587,The Lion King,1994-06-15,Animation|Family|Drama,en,26.7414,8.252,20007,False
11036,The Notebook,2004-06-25,Romance|Drama,en,26.7394,7.891,12773,False
950396,The Gorge,2025-02-13,Romance|Science Fiction|Thriller,en,26.7273,7.686,4098,False
1368314,Passenger,2026-05-20,Horror|Thriller,en,26.7029,7.3,766,False
615656,Meg 2: The Trench,2023-08-02,Action|Science Fiction|Horror,en,26.7001,6.368,4063,False
189,Sin City: A Dame to Kill For,2014-08-20,Action|Crime|Thriller,en,26.5213,6.401,4234,False
1487861,Elize: Shadows of a Woman,2026-07-22,Thriller|Crime|Drama,pt,26.4815,7.428,180,False
207,Dead Poets Society,1989-06-02,Drama,en,26.4393,8.3,12849,False
20352,Despicable Me,2010-07-08,Animation|Comedy|Crime|Science Fiction|Family,en,26.435,7.26,16289,False
1078605,Weapons,2025-08-04,Horror|Mystery,en,26.4265,7.255,3798,False
1266127,Ready or Not: Here I Come,2026-03-19,Horror|Comedy,en,26.4084,7.583,1503,False
39254,Real Steel,2011-09-28,Action|Science Fiction|Drama,en,26.3205,7.134,9457,False
280,Terminator 2: Judgment Day,1991-07-03,Action|Thriller|Science Fiction,en,26.2631,8.2,14676,False
574475,Final Destination Bloodlines,2025-05-14,Horror|Mystery,en,26.2426,7.032,3045,False
12,Finding Nemo,2003-05-30,Animation|Family|Adventure,en,25.9171,7.821,20837,False
177572,Big Hero 6,2014-10-24,Adventure|Family|Animation|Action|Comedy,en,25.8693,7.726,16831,False
505642,Black Panther: Wakanda Forever,2022-11-09,Action|Adventure|Science Fiction,en,25.8012,6.997,7681,False
769,GoodFellas,1990-09-12,Drama|Crime,en,25.7452,8.45,14637,False
218,The Terminator,1984-10-26,Action|Thriller|Science Fiction,en,25.6166,7.687,14959,False
4935,Howl's Moving Castle,2004-09-09,Fantasy|Animation|Adventure,ja,25.5982,8.387,11321,False
38757,Tangled,2010-11-24,Animation|Family|Adventure,en,25.5238,7.617,12619,False
127585,X-Men: Days of Future Past,2014-05-15,Action|Adventure|Science Fiction,en,25.4537,7.535,16531,False
1317288,Marty Supreme,2025-12-19,Drama|Thriller,en,25.4495,7.368,2091,False
68721,Iron Man 3,2013-04-18,Action|Adventure|Science Fiction,en,25.4458,6.933,23749,False
1198994,Send Help,2026-01-22,Horror|Thriller|Comedy,en,25.3723,7.041,2170,False
259693,The Conjuring 2,2016-06-08,Horror,en,25.3081,7.294,9343,False
228150,Fury,2014-10-15,War|Drama|Action,en,25.206,7.546,13139,False
1156594,Our Fault,2025-10-15,Romance|Drama,es,25.113,7.378,733,False
301528,Toy Story 4,2019-06-19,Family|Comedy|Animation|Adventure,en,25.017,7.463,10881,False
1632181,Accidental Partners,2026-03-12,Comedy|Romance,es,24.9852,8.891,357,False
436270,Black Adam,2022-10-19,Action|Adventure|Science Fiction,en,24.9781,6.778,7184,False
16869,Inglourious Basterds,2009-08-02,Drama|Thriller|War,en,24.9678,8.217,24596,False
37165,The Truman Show,1998-06-04,Comedy|Drama,en,24.942,8.156,20654,False
564,The Mummy,1999-04-16,Adventure|Action|Fantasy,en,24.8957,6.99,10294,False
330457,Frozen II,2019-11-20,Family|Animation|Adventure|Comedy|Fantasy,en,24.8796,7.228,10416,False
558,Spider-Man 2,2004-06-25,Action|Adventure|Science Fiction,en,24.6983,7.326,16752,False
216015,Fifty Shades of Grey,2015-02-11,Drama|Romance|Thriller,en,24.671,5.862,12509,False
549509,The Brutalist,2024-12-20,Drama,en,24.6365,6.936,1754,False
1288341,Seven Snipers,2026-04-30,Action|Thriller,en,24.6356,6.094,117,False
101,Léon: The Professional,1994-09-14,Crime|Drama|Action,fr,24.6355,8.293,16375,False
1422,The Departed,2006-10-04,Drama|Thriller|Crime,en,24.6028,8.159,16500,False
102899,Ant-Man,2015-07-14,Science Fiction|Adventure|Action,en,24.5674,7.066,21127,False
1124,The Prestige,2006-10-19,Drama|Mystery|Science Fiction,en,24.5495,8.211,17956,False
1340206,Tuner,2026-05-21,Crime|Drama|Thriller,en,24.4378,7.277,294,False
337167,Fifty Shades Freed,2018-01-17,Drama|Romance,en,24.1657,6.669,8414,False
150540,Inside Out,2015-06-17,Animation|Family|Adventure|Drama|Comedy,en,24.1608,7.907,23765,False
411,"The Chronicles of Narnia: The Lion, the Witch and the Wardrobe",2005-12-07,Adventure|Family|Fantasy,en,24.1197,7.141,11692,False
552524,Lilo & Stitch,2025-05-17,Family|Science Fiction|Comedy,en,24.115,7.185,2250,False
1430077,Hokum,2026-04-29,Horror,en,23.9987,6.913,753,False
1292415,Beast,2026-04-10,Action|Drama,en,23.9631,7.016,125,False
383498,Deadpool 2,2018-05-15,Action|Comedy|Adventure,en,23.9279,7.489,19528,False
1062722,Frankenstein,2025-10-17,Drama|Fantasy|Horror,en,23.8925,7.615,3734,False
1613798,Vengeance,2026-02-26,Action|Thriller,es,23.8515,7.51,296,False
269149,Zootopia,2016-02-11,Animation|Adventure|Family|Comedy,en,23.7212,7.765,18410,False
762509,Mufasa: The Lion King,2024-12-18,Adventure|Family|Animation,en,23.6748,7.293,2743,False
713704,Evil Dead Rise,2023-04-12,Horror|Thriller,en,23.5987,6.966,3926,False
566525,Shang-Chi and the Legend of the Ten Rings,2021-09-01,Action|Adventure|Fantasy,en,23.5601,7.487,10626,False
14160,Up,2009-05-28,Animation|Comedy|Family|Adventure,en,23.5273,7.961,21974,False
1087891,The Amateur,2025-04-09,Thriller|Action,en,23.5271,6.909,1716,False
346698,Barbie,2023-07-19,Comedy|Adventure|Fantasy,en,23.4028,6.911,11433,False
10867,Malena,2000-10-27,Drama,it,23.3353,7.555,2780,False
260514,Cars 3,2017-06-15,Animation|Drama|Family,en,23.3302,6.863,6529,False
58,Pirates of the Caribbean: Dead Man's Chest,2006-07-06,Adventure|Fantasy|Action,en,23.299,7.389,17460,False
18785,The Hangover,2009-06-02,Comedy,en,23.1874,7.337,18391,False
614945,Voicemails for Isabelle,2026-06-20,Romance|Comedy|Drama,en,23.1824,8.333,797,False
545611,Everything Everywhere All at Once,2022-03-24,Action|Adventure|Science Fiction,en,23.0574,7.7,8290,False
578,Jaws,1975-06-20,Horror|Thriller|Adventure,en,22.9979,7.684,11759,False
603692,John Wick: Chapter 4,2023-03-21,Action|Thriller|Crime,en,22.9853,7.711,8190,False
348,Alien,1979-05-25,Horror|Science Fiction,en,22.8943,8.172,16693,False
62,2001: A Space Odyssey,1968-04-02,Science Fiction|Mystery|Adventure,en,22.8202,8.0,12841,False
604079,The Long Walk,2025-09-10,Science Fiction|Thriller|Horror,en,22.7869,6.861,1827,False
1197306,A Working Man,2025-03-26,Action|Crime|Thriller,en,22.7247,6.683,2051,False
87101,Terminator Genisys,2015-06-23,Science Fiction|Action|Thriller,en,22.7239,5.958,9120,False
629,The Usual Suspects,1995-07-19,Drama|Crime|Thriller,en,22.6807,8.2,11629,False
1306368,The Rip,2026-01-13,Action|Thriller|Crime,en,22.6688,7.089,1846,False
77,Memento,2000-10-11,Mystery|Thriller,en,22.6007,8.2,16602,False
1363387,Saccharine,2026-05-22,Horror,en,22.591,6.78,134,False
744275,After We Fell,2021-09-01,Drama|Romance,en,22.5579,6.996,2771,False
558449,Gladiator II,2024-11-13,Action|Adventure|Drama,en,22.508,6.6,4672,False
1072790,Anyone but You,2023-12-21,Romance|Comedy,en,22.4742,6.754,3185,False
363088,Ant-Man and the Wasp,2018-07-04,Action|Adventure|Science Fiction,en,22.3992,6.898,14403,False
91586,Insidious: Chapter 2,2013-09-12,Horror|Thriller,en,22.394,6.688,4677,False
1151031,Bring Her Back,2025-05-19,Horror,en,22.3736,7.331,1865,False
1321008,Black Box,2026-06-25,Horror|Thriller,en,22.3517,6.3,60,False
205596,The Imitation Game,2014-11-14,History|Drama|Thriller|War,en,22.2754,7.982,18309,False
1316092,"""Wuthering Heights""",2026-02-11,Romance|Drama,en,22.2712,6.646,1283,False
269955,Obsessed,2014-05-14,Drama|Romance,ko,22.0647,6.7,82,False
12153,White Chicks,2004-06-23,Comedy|Crime,en,22.0405,7.0,4691,False
1087192,How to Train Your Dragon,2025-06-06,Fantasy|Family|Action|Adventure,en,21.9796,7.925,3052,False
604,The Matrix Reloaded,2003-05-15,Adventure|Action|Thriller|Science Fiction,en,21.9676,7.085,12200,False
181808,Star Wars: The Last Jedi,2017-12-13,Adventure|Action|Science Fiction,en,21.9261,6.743,16571,False
447273,Snow White,2025-03-19,Family|Fantasy,en,21.8553,4.275,1710,False
272,Batman Begins,2005-06-10,Drama|Crime|Action,en,21.8259,7.729,22997,False
333339,Ready Player One,2018-03-28,Adventure|Action|Science Fiction,en,21.7921,7.588,17254,False
2105,American Pie,1999-07-09,Comedy|Romance,en,21.7513,6.617,8485,False
1175942,The Bad Guys 2,2025-07-24,Family|Comedy|Crime|Adventure|Animation|Action,en,21.733,7.616,877,False
135397,Jurassic World,2015-06-06,Adventure|Science Fiction|Thriller|Action,en,21.7212,6.703,21823,False
698687,Transformers One,2024-09-11,Animation|Science Fiction|Adventure|Family,en,21.6557,7.977,1727,False
85,Raiders of the Lost Ark,1981-06-12,Adventure|Action,en,21.6333,7.926,13875,False
744,Top Gun,1986-05-16,Action|Drama|Romance,en,21.6332,7.071,9801,False
10144,The Little Mermaid,1989-11-17,Animation|Family|Fantasy,en,21.6285,7.353,8516,False
402431,Wicked,2024-10-16,Drama|Romance|Fantasy,en,21.6234,6.902,3183,False
9806,The Incredibles,2004-10-27,Action|Adventure|Animation|Family,en,21.6198,7.728,19171,False
694,The Shining,1980-05-23,Horror|Thriller,en,21.5811,8.201,19236,False
49013,Cars 2,2011-06-11,Animation|Family|Adventure|Comedy,en,21.5806,6.189,8625,False
1381027,Good Boy,2026-03-06,Thriller|Drama|Mystery,en,21.5334,7.2,232,False
285,Pirates of the Caribbean: At World's End,2007-05-19,Adventure|Fantasy|Action,en,21.4929,7.277,15723,False
567609,Ready or Not,2019-08-21,Horror|Comedy,en,21.4677,7.095,5777,False
980477,Ne Zha 2,2025-01-29,Animation|Action|Fantasy|Adventure,zh,21.3677,8.153,800,False
396535,Train to Busan,2016-07-20,Action|Horror|Thriller,ko,21.2938,7.754,8616,False
1234731,Anaconda,2025-12-24,Adventure|Comedy|Horror,en,21.2775,5.807,1388,False
38365,Grown Ups,2010-06-24,Comedy,en,21.254,6.433,6825,False
679,Aliens,1986-07-18,Action|Thriller|Science Fiction,en,21.2358,7.965,11077,False
1236153,Mercy,2026-01-19,Science Fiction|Action|Thriller,en,21.2297,7.076,1603,False
979,Irreversible,2002-05-22,Drama|Thriller|Crime,fr,21.203,7.2,3389,False
1891,The Empire Strikes Back,1980-05-20,Adventure|Action|Science Fiction,en,21.1432,8.392,18714,False
293167,Kong: Skull Island,2017-03-08,Action|Adventure|Fantasy,en,21.1395,6.558,11287,False
508947,Turning Red,2022-03-10,Animation|Family|Comedy|Fantasy,en,21.1211,7.329,6002,False
1495,Kingdom of Heaven,2005-05-03,Drama|Action|Adventure|History|War,en,21.1116,7.079,5150,False
6977,No Country for Old Men,2007-11-09,Crime|Thriller|Western,en,21.0899,7.949,13638,False
429,"The Good, the Bad and the Ugly",1966-12-23,Western,it,21.0891,8.466,9858,False
1064028,Subservience,2024-08-15,Horror|Science Fiction|Thriller,en,21.0525,6.637,1075,False
111,Scarface,1983-12-09,Action|Crime|Drama,en,21.009,8.2,13311,False
572802,Aquaman and the Lost Kingdom,2023-12-20,Action|Adventure|Fantasy,en,21.0014,6.507,3619,False
519182,Despicable Me 4,2024-06-20,Animation|Comedy|Action|Science Fiction|Family,en,20.9787,6.974,3327,False
1202033,Enola Holmes 3,2026-06-30,Adventure|Crime|Mystery,en,20.95,6.805,621,False
324552,John Wick: Chapter 2,2017-02-08,Action|Thriller|Crime,en,20.948,7.343,14506,False
614479,Insidious: The Red Door,2023-07-05,Horror|Thriller,en,20.9448,6.506,2049,False
286217,The Martian,2015-09-30,Science Fiction|Drama|Adventure,en,20.9161,7.706,21657,False
329865,Arrival,2016-11-10,Drama|Science Fiction|Mystery,en,20.9019,7.632,19719,False
315162,Puss in Boots: The Last Wish,2022-12-07,Animation|Adventure|Fantasy|Comedy|Family,en,20.8828,8.215,9140,False
1038392,The Conjuring: Last Rites,2025-09-03,Horror,en,20.8746,6.939,2061,False
786892,Furiosa: A Mad Max Saga,2024-05-22,Action|Science Fiction|Adventure,en,20.8626,7.442,5106,False
425274,Now You See Me: Now You Don't,2025-11-12,Crime|Thriller,en,20.8217,6.46,1756,False
539,Psycho,1960-06-22,Horror|Thriller|Mystery,en,20.7711,8.408,11173,False
77338,The Intouchables,2011-11-02,Drama|Comedy,fr,20.7445,8.271,18703,False
945961,Alien: Romulus,2024-08-13,Horror|Science Fiction,en,20.7395,7.16,4794,False
917496,Beetlejuice Beetlejuice,2024-09-04,Comedy|Fantasy,en,19.8817,6.921,3251,False
866398,The Beekeeper,2024-01-08,Action|Crime|Thriller,en,20.5564,7.276,4455,False
313369,La La Land,2016-12-01,Comedy|Drama|Romance,en,20.6776,7.9,18363,False
140607,Star Wars: The Force Awakens,2015-12-15,Adventure|Action|Science Fiction,en,19.9112,7.244,20796,False
829557,365 Days: This Day,2022-04-26,Romance|Drama,pl,20.5781,5.949,1864,False
10020,Beauty and the Beast,1991-10-22,Romance|Family|Animation|Fantasy,en,20.0895,7.726,10829,False
637649,Wrath of Man,2021-04-22,Thriller|Crime|Drama,en,19.648,7.572,6238,False
70981,Prometheus,2012-05-30,Science Fiction|Mystery|Horror,en,19.0373,6.606,13507,False
181812,Star Wars: The Rise of Skywalker,2019-12-18,Adventure|Action|Science Fiction,en,20.736,6.3,11044,False
1315303,Primate,2026-01-01,Horror|Thriller,en,18.0531,6.492,827,False
640,Catch Me If You Can,2002-12-16,Drama|Crime,en,20.6651,7.978,17407,False
1734,The Mummy Returns,2001-05-04,Adventure|Action|Fantasy,en,18.8074,6.414,7848,False
1097549,Babygirl,2024-12-25,Romance|Thriller,en,18.7551,5.715,1268,False
103,Taxi Driver,1976-02-09,Crime|Drama,en,19.0166,8.1,13684,False
81774,Exploits of a Young Don Juan,1986-11-04,Comedy|Drama,fr,19.7944,6.146,329,False
1011985,Kung Fu Panda 4,2024-03-02,Action|Adventure|Animation|Comedy|Family|Fantasy,en,20.445,7.002,3648,False
398818,Call Me by Your Name,2017-10-01,Romance|Drama,en,20.4823,8.082,12901,False
1363123,The Family Plan 2,2025-11-11,Action|Comedy,en,19.9365,6.5,630,False
137113,Edge of Tomorrow,2014-05-27,Action|Science Fiction,en,20.5207,7.641,15376,False
667538,Transformers: Rise of the Beasts,2023-06-06,Science Fiction|Adventure|Action,en,18.4572,7.165,5383,False
1390300,Over Your Dead Body,2026-03-14,Action|Comedy|Thriller,en,20.332,6.422,538,False
1084187,Pretty Lethal,2026-03-13,Action|Thriller|Horror,en,19.414,6.764,480,False
118340,Guardians of the Galaxy,2014-07-30,Action|Science Fiction|Adventure,en,19.1861,7.908,30136,False
1865,Pirates of the Caribbean: On Stranger Tides,2011-05-15,Adventure|Action|Fantasy,en,20.0755,6.573,15153,False
321612,Beauty and the Beast,2017-03-16,Family|Fantasy|Romance,en,20.4371,6.967,16121,False
451156,Infidelity in Suburbia,2017-02-25,Thriller|TV Movie,en,19.7528,6.21,162,False
4348,Pride & Prejudice,2005-09-16,Drama|Romance,en,19.4271,8.1,8883,False
263115,Logan,2017-02-28,Action|Drama|Science Fiction,en,19.8426,7.821,20699,False
1064213,Anora,2024-10-14,Drama|Comedy|Romance,en,18.6123,7.076,3362,False
696506,Mickey 17,2025-02-28,Science Fiction|Comedy|Adventure,en,19.3345,6.835,3830,False
426063,Nosferatu,2024-12-25,Horror|Fantasy,en,17.9674,6.713,3881,False
950,Ice Age: The Meltdown,2006-03-29,Animation|Family|Comedy|Adventure,en,19.4054,6.725,10485,False
115,The Big Lebowski,1998-03-06,Comedy|Crime,en,19.3183,7.834,12396,False
126889,Alien: Covenant,2017-05-09,Horror|Science Fiction,en,19.2874,6.185,9593,False
28,Apocalypse Now,1979-05-19,Drama|War,en,19.2852,8.3,9283,False
1156593,Your Fault,2024-12-26,Drama|Romance,es,19.27,7.091,1617,False
637,Life Is Beautiful,1997-12-20,Comedy|Drama,it,19.2665,8.438,14164,False
1585,It's a Wonderful Life,1946-12-20,Drama|Family|Fantasy,en,19.2438,8.3,5014,False
335983,Venom,2018-09-28,Science Fiction|Action,en,19.2289,6.825,17486,False
843527,The Idea of You,2024-05-02,Music|Comedy|Romance|Drama,en,19.2057,7.25,2010,False
1892,Return of the Jedi,1983-05-25,Adventure|Action|Science Fiction,en,19.1946,7.911,17183,False
1265,Bridge to Terabithia,2007-02-15,Adventure|Drama|Family,en,19.1862,7.349,5420,False
128,Princess Mononoke,1997-07-12,Adventure|Fantasy|Animation,ja,19.1726,8.3,9196,False
260513,Incredibles 2,2018-06-14,Action|Adventure|Animation|Family,en,18.9865,7.453,13868,False
288987,That Malicious Age,1975-03-11,Drama|Romance,it,18.9655,6.426,88,False
47971,xXx: Return of Xander Cage,2017-01-13,Action|Adventure|Crime,en,18.9576,6.129,9300,False
507086,Jurassic World Dominion,2022-06-01,Adventure|Science Fiction|Thriller|Action,en,18.9472,6.594,7227,False
8078,Alien Resurrection,1997-11-12,Science Fiction|Horror|Action,en,18.8762,6.173,5699,False
43947,I Spit on Your Grave,2010-06-17,Thriller|Crime|Horror,en,18.8664,6.506,2639,False
615,The Passion of the Christ,2004-02-25,Drama,en,18.8618,7.542,5295,False
162,Edward Scissorhands,1990-12-07,Fantasy|Drama|Romance,en,18.8516,7.7,13959,False
2501,The Bourne Identity,2002-06-14,Action|Mystery|Thriller,en,18.8033,7.485,10282,False
1292695,They Will Kill You,2026-03-25,Action|Comedy|Horror|Thriller,en,18.7753,6.946,1058,False
72105,Ted,2012-06-29,Comedy|Fantasy,en,18.772,6.454,13373,False
1771,Captain America: The First Avenger,2011-07-22,Action|Adventure|Science Fiction,en,18.7678,7.009,23085,False
311,Once Upon a Time in America,1984-05-23,Drama|Crime,en,18.7631,8.4,6155,False
976573,Elemental,2023-06-14,Animation|Comedy|Family|Romance,en,18.686,7.595,5492,False
680493,Return to Silent Hill,2026-01-21,Horror|Mystery,en,18.6754,5.385,794,False
1477317,Your Fault: London,2026-06-17,Romance|Drama,en,18.6404,7.524,186,False
748783,The Garfield Movie,2024-04-30,Adventure|Animation|Comedy|Family,en,18.6354,6.955,1490,False
8363,Superbad,2007-08-17,Comedy,en,18.5917,7.27,8282,False
105864,The Good Dinosaur,2015-11-14,Adventure|Animation|Family,en,18.5739,6.747,6110,False
524434,Eternals,2021-11-03,Science Fiction|Action|Adventure,en,18.5705,6.758,9321,False
78,Blade Runner,1982-06-25,Science Fiction|Drama|Thriller,en,18.4946,7.934,15283,False
949,Heat,1995-12-15,Crime|Drama|Action,en,18.4935,7.942,8577,False
10591,The Girl Next Door,2004-04-09,Comedy|Romance,en,18.4894,6.752,4136,False
137106,The Lego Movie,2014-02-06,Animation|Family|Adventure|Comedy|Fantasy,en,18.4714,7.433,8645,False
299710,Being 14,2015-02-25,Drama,fr,18.4686,4.1,65,False
49521,Man of Steel,2013-06-12,Action|Adventure|Science Fiction,en,18.4605,6.659,16485,False
920,Cars,2006-06-08,Animation|Adventure|Comedy|Family,en,18.4354,7.047,15385,False
1084199,Companion,2025-01-22,Horror|Science Fiction|Thriller,en,18.4248,7.003,2515,False
106,Predator,1987-06-12,Science Fiction|Action|Adventure|Thriller,en,18.4123,7.574,9389,False
161,Ocean's Eleven,2001-12-07,Thriller|Crime,en,18.394,7.466,12776,False
1242332,Normal,2026-04-16,Action|Crime|Thriller,en,18.3867,7.223,487,False
270946,Penguins of Madagascar,2014-11-22,Family|Animation|Adventure|Comedy,en,18.3599,6.542,4553,False
1318413,Pressure,2026-05-25,Thriller|History|War,en,18.3578,7.741,307,False
72190,World War Z,2013-06-19,Action|Horror|Science Fiction,en,18.3423,6.848,16901,False
399566,Godzilla vs. Kong,2021-03-24,Action|Science Fiction|Adventure,en,18.2816,7.525,10769,False
1317149,I Swear,2025-09-22,Drama|History,en,18.2729,8.23,478,False
954,Mission: Impossible,1996-05-22,Adventure|Action|Thriller,en,18.2526,7.026,10166,False
858024,Hamnet,2025-11-26,Drama|Romance,en,18.2379,7.71,1538,False
809,Shrek 2,2004-05-19,Animation|Comedy|Family|Fantasy|Romance,en,18.2109,7.327,13676,False
1029575,The Family Plan,2023-12-14,Action|Comedy|Adventure,en,18.1963,7.215,1965,False
568124,Encanto,2021-10-13,Animation|Comedy|Family|Fantasy,en,17.8241,7.566,10345,False
359410,Road House,2024-03-08,Action|Thriller|Drama,en,17.9278,6.938,3168,False
10674,Mulan,1998-06-18,Animation|Family|Adventure,en,17.0234,7.903,10615,False
812583,Wake Up Dead Man: A Knives Out Mystery,2025-11-26,Thriller|Mystery|Comedy,en,17.3172,7.205,2769,False
1330021,Remarkably Bright Creatures,2026-05-07,Drama|Mystery,en,17.8992,8.461,846,False
630,The Wizard of Oz,1939-08-21,Adventure|Fantasy|Family,en,16.2944,7.582,6231,False
1119449,"Good Luck, Have Fun, Don't Die",2026-02-13,Science Fiction|Action|Comedy,en,17.9817,7.074,854,False
533533,TRON: Ares,2025-10-08,Science Fiction|Adventure|Action,en,17.5928,6.451,1574,False
197,Braveheart,1995-05-24,Action|Drama|History|War,en,17.9397,7.945,11332,False
423108,The Conjuring: The Devil Made Me Do It,2021-05-25,Horror|Mystery|Thriller,en,17.767,7.339,6659,False
68726,Pacific Rim,2013-07-11,Action|Science Fiction|Adventure,en,17.951,6.9,13682,False
454626,Sonic the Hedgehog,2020-02-12,Action|Science Fiction|Comedy|Family,en,15.3505,7.274,10524,False
512200,Jumanji: The Next Level,2019-12-04,Adventure|Comedy|Fantasy,en,18.1102,6.87,9526,False
588228,The Tomorrow War,2021-09-03,Action|Science Fiction|Adventure,en,20.4231,7.522,4392,False
278154,Ice Age: Collision Course,2016-06-23,Adventure|Animation|Family|Comedy|Science Fiction,en,17.8167,6.124,4951,False
1228246,Five Nights at Freddy's 2,2025-12-03,Horror|Thriller,en,18.0871,6.608,1134,False
49051,The Hobbit: An Unexpected Journey,2012-12-12,Adventure|Fantasy|Action,en,18.0004,7.382,19930,False
188927,Star Trek Beyond,2016-07-07,Action|Adventure|Science Fiction,en,17.5422,6.793,7214,False
1197137,Black Phone 2,2025-10-15,Horror|Thriller,en,17.8063,6.635,1285,False
9769,Lolita,1997-09-27,Drama,en,18.1255,7.097,2011,False
785084,The Whale,2022-12-09,Drama,en,16.6576,7.754,4832,False
298618,The Flash,2023-06-13,Action|Science Fiction|Adventure,en,16.2051,6.612,5176,False
985939,Fall,2022-08-11,Thriller,en,17.2667,7.145,4783,False
926393,The Equalizer 3,2023-08-30,Action|Thriller|Crime,en,17.4745,7.296,3844,False
1327862,Regretting You,2025-10-22,Romance|Drama,en,17.8849,7.118,535,False
1098006,Fountain of Youth,2025-05-19,Adventure|Fantasy|Mystery,en,17.1091,6.256,1000,False
1035259,The Naked Gun,2025-07-30,Comedy|Crime|Action,en,14.723,6.352,1908,False
466272,Once Upon a Time... in Hollywood,2019-07-24,Comedy|Drama|Thriller,en,17.5717,7.419,15113,False
76757,Jupiter Ascending,2015-02-04,Science Fiction|Fantasy|Action,en,17.6172,5.471,7200,False
36647,Blade,1998-08-21,Horror|Action,en,17.6008,6.851,6891,False
756999,The Black Phone,2022-06-16,Horror|Thriller,en,17.5608,7.5,5994,False
546554,Knives Out,2019-11-27,Comedy|Crime|Mystery,en,17.5601,7.841,14344,False
510,One Flew Over the Cuckoo's Nest,1975-11-19,Drama,en,17.5421,8.4,11646,False
62211,Monsters University,2013-06-19,Animation|Family|Comedy|Fantasy,en,17.5183,7.056,11482,False
242,The Godfather Part III,1990-12-25,Crime|Drama|Thriller,en,17.5081,7.419,6990,False
1595852,Boulevard,2026-04-10,Romance|Drama,es,17.429,7.538,172,False
2493,The Princess Bride,1987-09-25,Adventure|Fantasy|Romance|Family,en,17.4228,7.7,5235,False
955,Mission: Impossible II,2000-05-24,Adventure|Action|Thriller,en,17.3998,6.14,7729,False
82690,Wreck-It Ralph,2012-11-01,Family|Animation|Comedy|Adventure,en,17.3954,7.361,13246,False
953,Madagascar,2005-05-25,Adventure|Animation|Comedy|Family,en,17.3842,6.929,11919,False
1294203,My Fault: London,2025-02-12,Drama|Romance,en,17.3451,7.4,618,False
3933,Corpse Bride,2005-09-12,Romance|Fantasy|Animation,en,17.3385,7.59,10348,False
399579,Alita: Battle Angel,2019-01-31,Action|Science Fiction|Adventure,en,17.3114,7.271,10282,False
609681,The Marvels,2023-11-08,Science Fiction|Adventure|Action,en,17.3071,5.921,3570,False
370172,No Time to Die,2021-09-29,Action|Thriller|Adventure,en,17.2485,7.34,7306,False
675353,Sonic the Hedgehog 2,2022-03-30,Action|Adventure|Family|Comedy,en,17.236,7.421,5979,False
19913,(500) Days of Summer,2009-07-17,Comedy|Drama|Romance,en,17.2232,7.305,11212,False
438148,Minions: The Rise of Gru,2022-06-29,Animation|Comedy|Science Fiction|Crime|Family,en,17.2205,7.255,4118,False
999136,Do Not Enter,2026-03-19,Horror,en,17.2144,6.311,318,False
296096,Me Before You,2016-06-01,Drama|Romance,en,17.1993,7.929,13482,False
1246049,Dracula,2025-07-30,Horror|Fantasy|Romance,fr,17.1418,7.231,1430,False
345940,The Meg,2018-08-08,Action|Science Fiction|Horror,en,17.141,6.251,8326,False
670,Oldboy,2003-11-21,Thriller|Mystery,ko,17.1153,8.236,10097,False
291805,Now You See Me 2,2016-06-02,Crime|Thriller,en,17.1093,6.824,11733,False
2503,The Bourne Ultimatum,2007-08-03,Action|Drama|Mystery|Thriller,en,17.0755,7.442,8510,False
10494,Perfect Blue,1998-02-28,Animation|Thriller,ja,17.032,8.305,3300,False
37799,The Social Network,2010-10-01,Drama,en,17.029,7.376,13392,False
508442,Soul,2020-12-25,Animation|Family|Drama|Music|Fantasy,en,17.0091,8.09,11638,False
1470130,The Mortuary Assistant,2026-02-13,Horror|Mystery,en,16.9915,5.364,136,False
38,Eternal Sunshine of the Spotless Mind,2004-03-19,Science Fiction|Drama|Romance,en,16.9865,8.088,16607,False
855,Black Hawk Down,2001-12-28,Action|War|History,en,14.4125,7.398,6509,False
100402,Captain America: The Winter Soldier,2014-03-20,Action|Adventure|Science Fiction,en,16.9613,7.654,20322,False
13475,Star Trek,2009-05-06,Science Fiction|Action|Adventure,en,14.9297,7.437,10660,False
580489,Venom: Let There Be Carnage,2021-09-30,Science Fiction|Action|Adventure,en,15.9878,6.733,11345,False
1480387,undertone,2026-03-12,Horror|Mystery,en,16.8443,6.0,583,False
915935,Anatomy of a Fall,2023-08-23,Thriller|Mystery|Crime,fr,16.2208,7.512,3419,False
420818,The Lion King,2019-07-12,Adventure|Drama|Family|Animation,en,17.8886,7.092,10859,False
1716513,Extreme Makeover: Homer Edition,2026-06-17,Animation|Comedy|Family,en,15.8388,7.203,64,False
24086,The Boy Who Could Fly,1986-08-15,Drama|Family|Fantasy,en,18.1932,6.3,147,False
1232449,Young Hearts,2024-10-26,Drama|Romance,nl,15.9497,8.567,304,False
118,Charlie and the Chocolate Factory,2005-07-13,Adventure|Comedy|Family|Fantasy,en,15.8993,7.038,16300,False
338953,Fantastic Beasts: The Secrets of Dumbledore,2022-04-06,Fantasy|Adventure,en,16.8095,6.626,5203,False
120467,The Grand Budapest Hotel,2014-02-26,Comedy|Drama,en,16.5619,8.0,16390,False
146233,Prisoners,2013-09-19,Drama|Thriller|Crime,en,15.9488,8.106,13360,False
530385,Midsommar,2019-07-03,Horror|Drama|Mystery,en,16.4712,7.146,8316,False
14161,2012,2009-10-10,Action|Adventure|Science Fiction,en,16.4271,5.89,12930,False
11770,Shaolin Soccer,2001-07-05,Action|Comedy,cn,16.3803,7.206,2628,False
15512,Monsters vs Aliens,2009-03-19,Animation|Family|Adventure|Science Fiction,en,16.372,6.263,5079,False
4247,Scary Movie,2000-07-07,Comedy,en,16.3485,6.427,8066,False
73861,A Serbian Film,2010-01-06,Crime|Horror|Thriller,sr,16.3347,5.45,2250,False
893723,PAW Patrol: The Mighty Movie,2023-09-21,Adventure|Animation|Comedy|Family|Science Fiction,en,16.3112,6.926,584,False
45269,The King's Speech,2010-11-26,Drama|History,en,16.2974,7.733,9448,False
1593,Night at the Museum,2006-12-20,Fantasy|Family|Comedy,en,16.2824,6.601,11127,False
1659155,The Truthers,2026-07-24,Thriller|Drama|Mystery,es,16.2649,5.756,86,False
875828,Peaky Blinders: The Immortal Man,2026-03-05,Crime|Drama,en,16.2629,7.205,1160,False
150689,Cinderella,2015-03-06,Romance|Fantasy|Family|Drama,en,16.2602,6.824,7484,False
4232,Scream,1996-12-20,Crime|Horror|Mystery,en,16.259,7.432,8154,False
359724,Ford v Ferrari,2019-11-13,Drama|History|Action,en,16.2575,8.006,9201,False
447332,A Quiet Place,2018-04-03,Horror|Drama|Science Fiction,en,16.2569,7.395,15611,False
1417,Pan's Labyrinth,2006-10-11,Fantasy|Drama|War,es,16.2552,7.767,11651,False
57800,Ice Age: Continental Drift,2012-06-27,Animation|Comedy|Adventure|Family,en,16.2429,6.393,8229,False
956,Mission: Impossible III,2006-04-25,Adventure|Action|Thriller,en,16.2276,6.766,7773,False
791373,Zack Snyder's Justice League,2021-03-18,Action|Adventure|Fantasy,en,16.2198,8.08,11040,False
281957,The Revenant,2015-12-25,Western|Drama|Adventure,en,16.1941,7.541,19587,False
675445,PAW Patrol: The Movie,2021-08-09,Action|Adventure|Animation|Comedy|Family,en,16.1929,7.3,1286,False
424694,Bohemian Rhapsody,2018-10-24,Music|Drama,en,16.186,7.953,17949,False
153,Lost in Translation,2003-09-18,Drama|Comedy|Romance,en,16.1859,7.381,8244,False
1357633,Solo Leveling -ReAwakening-,2024-11-26,Action|Adventure|Fantasy|Animation,ja,16.1511,7.172,279,False
396422,Annabelle: Creation,2017-08-03,Horror,en,16.1148,6.606,6059,False
2251,Unfaithful,2002-05-10,Thriller|Drama|Romance,en,16.1027,6.715,1776,False
62029,Bingo Bongo,1982-12-23,Comedy,it,16.0756,5.711,178,False
577922,Tenet,2020-08-22,Action|Thriller|Science Fiction,en,16.073,7.172,11395,False
598,City of God,2002-08-30,Drama|Crime,pt,16.0538,8.427,8361,False
297762,Wonder Woman,2017-05-30,Action|Adventure|Fantasy,en,16.0414,7.205,21110,False
10191,How to Train Your Dragon,2010-03-18,Fantasy|Adventure|Animation|Family,en,16.0199,7.866,14613,False
73,American History X,1998-07-01,Drama,en,16.0185,8.326,12796,False
131631,The Hunger Games: Mockingjay - Part 1,2014-11-19,Science Fiction|Adventure|Thriller,en,16.0156,6.817,16915,False
936245,Hidden Face,2024-11-20,Mystery|Thriller,ko,16.0133,5.196,69,False
49444,Kung Fu Panda 2,2011-05-25,Animation|Family|Comedy|Action,en,16.0013,7.081,8065,False
142,Brokeback Mountain,2005-10-22,Drama|Romance,en,15.9753,7.8,7667,False
1100782,Smile 2,2024-10-16,Horror|Mystery,en,14.7743,6.58,2287,False
474350,It Chapter Two,2019-09-04,Horror|Thriller|Drama,en,16.5749,6.832,9781,False
49519,The Croods,2013-03-15,Animation|Adventure|Family|Comedy,en,14.7041,6.946,7656,False
337404,Cruella,2021-05-26,Comedy|Crime|Drama,en,16.6712,7.968,10234,False
749170,Heads of State,2025-06-24,Action|Thriller|Comedy,en,14.6445,6.8,1115,False
593643,The Menu,2022-11-17,Comedy|Horror,en,15.2247,7.178,6512,False
1579,Apocalypto,2006-12-07,Action|Drama|History,en,15.1327,7.659,6583,False
1893,Star Wars: Episode I - The Phantom Menace,1999-05-19,Adventure|Action|Science Fiction,en,15.6926,6.6,16099,False
615457,Nobody,2021-03-18,Action|Thriller,en,15.0971,7.867,8592,False
76492,Hotel Transylvania,2012-09-20,Animation|Comedy|Family|Fantasy,en,16.7847,6.968,9304,False
140300,Kung Fu Panda 3,2016-01-23,Animation|Action|Adventure|Comedy|Family,en,15.8348,6.938,6723,False
516729,Paddington in Peru,2024-11-08,Adventure|Comedy|Family,en,14.8918,6.8,737,False
423,The Pianist,2002-09-17,Drama|War,en,15.489,8.37,10349,False
1114513,Speak No Evil,2024-09-11,Horror|Thriller,en,14.6138,7.101,2270,False
1572,Die Hard: With a Vengeance,1995-05-19,Action|Thriller,en,14.3885,7.283,6778,False
505026,Death on the Nile,2022-02-09,Mystery|Crime|Thriller,en,15.9689,6.407,4315,False
26466,Triangle,2009-10-16,Horror,en,15.6606,6.91,3088,False
1363974,That Time I Got Reincarnated as a Slime the Movie: Tears of the Azure Sea,2026-02-27,Animation|Fantasy|Adventure|Comedy,ja,15.6462,8.2,53,False
7345,There Will Be Blood,2007-12-26,Drama,en,15.6144,8.065,7618,False
770,Gone with the Wind,1939-12-15,Drama|War|Romance,en,15.6121,7.9,4445,False
75656,Now You See Me,2013-05-29,Thriller|Crime,en,15.5838,7.326,17026,False
615173,The Witch: Part 2. The Other One,2022-06-15,Action|Mystery|Thriller|Science Fiction,ko,15.5731,7.43,465,False
1387382,Hunting Season,2025-12-05,Action|Drama|Thriller,en,15.5727,7.421,417,False
119450,Dawn of the Planet of the Apes,2014-07-08,Science Fiction|Action|Drama|Thriller,en,15.563,7.344,12418,False
1408208,Exit 8,2025-08-03,Horror|Mystery|Thriller,ja,15.5615,6.999,713,False
209112,Batman v Superman: Dawn of Justice,2016-03-23,Action|Adventure|Fantasy,en,15.543,6.009,19243,False
9738,Fantastic Four,2005-06-29,Action|Fantasy|Science Fiction,en,15.538,5.811,10149,False
810,Shrek the Third,2007-05-17,Fantasy|Adventure|Animation|Comedy|Family,en,15.5337,6.314,9935,False
50646,"Crazy, Stupid, Love.",2011-07-29,Comedy|Drama|Romance,en,15.5216,7.277,9442,False
766507,Prey,2022-08-02,Thriller|Action|Science Fiction,en,15.5148,7.65,7910,False
74,War of the Worlds,2005-06-28,Adventure|Thriller|Science Fiction,en,15.5126,6.564,9412,False
259316,Fantastic Beasts and Where to Find Them,2016-11-16,Fantasy|Adventure,en,15.4978,7.309,19893,False
254128,San Andreas,2015-05-27,Action|Drama|Thriller,en,15.4594,6.25,9150,False
696806,The Adam Project,2022-03-11,Adventure|Science Fiction|Comedy,en,15.4316,6.989,5088,False
377,A Nightmare on Elm Street,1984-11-09,Horror,en,15.43,7.349,5866,False
242582,Nightcrawler,2014-10-23,Crime|Drama|Thriller,en,15.0666,7.708,11942,False
6435,Practical Magic,1998-10-16,Romance|Fantasy|Comedy|Drama,en,15.0131,6.772,1778,False
1927,Hulk,2003-06-19,Science Fiction|Adventure|Action|Drama,en,15.3275,5.593,6391,False
568,Apollo 13,1995-06-30,Drama|History,en,13.9803,7.462,6050,False
581528,"The Gangster, the Cop, the Devil",2019-05-15,Action|Crime|Thriller,ko,15.8329,7.875,1552,False
13374,Ice Princess,2005-03-17,Family|Drama|Comedy,en,13.5571,6.4,955,False
639988,No Other Choice,2025-09-24,Comedy|Crime|Thriller,ko,14.5728,7.5,1231,False
537915,After,2019-04-11,Drama|Romance,en,14.4324,7.1,8555,False
9820,The Parent Trap,1998-07-28,Comedy|Family|Romance,en,15.3937,7.216,4617,False
937278,A Man Called Otto,2022-12-28,Comedy|Drama,en,15.0186,7.746,3712,False
853,Enemy at the Gates,2001-02-28,War|History,en,14.1744,7.426,4136,False
1383731,Protector,2026-02-20,Action|Thriller,en,15.3176,8.451,515,False
9552,The Exorcist,1973-12-26,Horror,en,15.2246,7.744,8805,False
9837,The Prince of Egypt,1998-12-16,Adventure|Animation|Drama|Family,en,15.2081,7.3,4389,False
12207,The Legend of Drunken Master,1994-02-03,Action|Comedy,cn,15.1958,7.458,1116,False
1220564,The Secret Agent,2025-07-23,Thriller|Drama|Crime,pt,15.1905,7.2,818,False
1214931,Nuremberg,2025-11-06,History|Drama,en,15.1626,7.594,1341,False
311324,The Great Wall,2016-12-16,Action|Adventure|Fantasy,en,15.1504,6.032,5639,False
9479,The Nightmare Before Christmas,1993-10-09,Fantasy|Animation|Family,en,15.1459,7.833,10496,False
1252309,Tell Me What You Want,2024-11-29,Romance|Drama,es,15.1291,6.1,313,False
760104,X,2022-03-17,Horror,en,15.119,6.71,4084,False
1259102,Eternity,2025-11-10,Romance|Comedy|Drama,en,15.1134,7.092,797,False
399055,The Shape of Water,2017-12-01,Drama|Fantasy|Romance,en,15.1025,7.234,13008,False
948,Halloween,1978-10-24,Horror|Thriller,en,15.0943,7.559,6293,False
446893,Trolls World Tour,2020-03-11,Family|Animation|Comedy|Fantasy|Adventure|Music,en,15.0939,7.224,2304,False
500,Reservoir Dogs,1992-09-02,Crime|Thriller,en,15.0905,8.111,15711,False
1241436,Warfare,2025-04-09,War|Action,en,15.0695,7.1,1569,False
466420,Killers of the Flower Moon,2023-10-18,Crime|History|Drama,en,15.0607,7.39,4277,False
1242011,Together,2025-07-14,Horror|Romance,en,15.0161,6.902,1302,False
43347,Love & Other Drugs,2010-11-22,Drama|Comedy|Romance,en,15.016,7.043,5692,False
613504,After We Collided,2020-09-02,Drama|Romance,en,15.0069,7.15,5493,False
629542,The Bad Guys,2022-03-17,Action|Adventure|Animation|Comedy|Crime|Family,en,14.9951,7.513,2652,False
1656220,23 000 Lives,2026-07-02,Drama,de,14.9866,5.906,69,False
138103,The Expendables 3,2014-08-07,Action|Adventure|Thriller,en,14.9648,6.202,5421,False
745,The Sixth Sense,1999-08-06,Mystery|Thriller|Drama,en,14.9617,7.955,13134,False
360920,The Grinch,2018-11-08,Animation|Comedy|Family|Fantasy,en,14.921,6.862,4493,False
12092,Alice in Wonderland,1951-08-09,Animation|Family|Fantasy|Adventure,en,14.8879,7.189,6345,False
62177,Brave,2012-06-21,Adventure|Animation|Family|Fantasy,en,14.8847,7.034,14366,False
9487,A Bug's Life,1998-11-25,Adventure|Animation|Comedy|Family,en,14.869,6.982,9854,False
190859,American Sniper,2014-12-25,War|Action,en,14.8416,7.41,13812,False
1018,Mulholland Drive,2001-06-06,Thriller|Drama|Mystery,en,14.8371,7.798,7205,False
1011477,Karate Kid: Legends,2025-05-08,Action|Adventure|Drama,en,14.8247,6.971,1261,False
1895,Star Wars: Episode III - Revenge of the Sith,2005-05-17,Adventure|Action|Science Fiction,en,14.8227,7.473,15190,False
10625,Mean Girls,2004-04-30,Drama|Comedy,en,14.767,7.227,9604,False
1954,The Butterfly Effect,2004-01-17,Science Fiction|Thriller,en,14.7626,7.579,8420,False
384018,Fast & Furious Presents: Hobbs & Shaw,2019-07-31,Action|Adventure|Comedy,en,14.7596,6.824,7877,False
194,Amélie,2001-04-25,Comedy|Romance,fr,14.7561,7.92,12568,False
787,Mr. & Mrs. Smith,2005-06-07,Action|Comedy|Drama|Thriller,en,14.7418,6.693,11397,False
8689,Cannibal Holocaust,1980-02-07,Horror,it,14.729,6.256,1920,False
318846,The Big Short,2015-12-11,Comedy|Drama,en,14.7269,7.4,10000,False
1182047,The Apprentice,2024-10-09,History|Drama|Comedy,en,14.7221,6.848,1013,False
966,The Magnificent Seven,1960-10-12,Western|Action|Adventure|Drama,en,14.7185,7.5,2031,False
378064,A Silent Voice: The Movie,2016-09-17,Animation|Drama|Romance,ja,14.7137,8.393,4631,False
346,Seven Samurai,1954-04-26,Action|Drama,ja,14.6782,8.452,4325,False
170,28 Days Later,2002-10-31,Horror|Thriller|Science Fiction,en,14.6584,7.245,8764,False
374720,Dunkirk,2017-07-19,War|Action|Drama,en,14.6506,7.449,17828,False
37724,Skyfall,2012-10-24,Action|Adventure|Thriller,en,14.639,7.265,16315,False
297761,Suicide Squad,2016-08-03,Action|Adventure|Fantasy,en,14.6307,5.917,22329,False
11852,The Hot Chick,2002-12-13,Comedy|Fantasy,en,14.6047,6.356,2234,False
602,Independence Day,1996-07-02,Action|Adventure|Science Fiction,en,14.599,6.916,10639,False
870028,The Accountant²,2025-04-23,Mystery|Crime|Thriller,en,14.589,7.074,1887,False
520763,A Quiet Place Part II,2021-05-21,Science Fiction|Thriller|Horror,en,14.5854,7.429,7561,False
10637,Remember the Titans,2000-09-29,Drama,en,14.5736,7.7,3021,False
1124566,Sentimental Value,2025-08-20,Drama|Comedy,no,14.5635,7.4,1042,False
109428,Evil Dead,2013-04-05,Horror,en,14.5551,6.656,5292,False
176,Saw,2004-10-01,Horror|Mystery|Crime,en,14.5334,7.427,10252,False
41630,No Strings Attached,2011-01-21,Comedy|Romance,en,14.5225,6.293,5051,False
812,Aladdin,1992-11-25,Animation|Family|Adventure|Fantasy|Romance,en,14.4903,7.657,12190,False
1144107,The Legend of Hei 2,2025-07-18,Animation|Fantasy|Action|Adventure,zh,14.4753,8.84,106,False
11970,Hercules,1997-06-13,Animation|Family|Fantasy|Adventure|Comedy|Romance,en,14.4681,7.5,8052,False
270303,It Follows,2015-02-04,Horror|Mystery,en,14.4653,6.578,7080,False
431693,Spies in Disguise,2019-12-04,Animation|Action|Adventure|Comedy|Family,en,14.4582,7.543,3028,False
9532,Final Destination,2000-03-17,Horror,en,14.4552,6.642,6874,False
752,V for Vendetta,2006-02-23,Action|Thriller|Science Fiction,en,14.4134,7.9,15821,False
27578,The Expendables,2010-08-07,Thriller|Adventure|Action,en,14.3941,6.252,8414,False
20526,TRON: Legacy,2010-12-14,Adventure|Action|Science Fiction,en,14.3753,6.546,8080,False
600,Full Metal Jacket,1987-06-26,Drama|War,en,15.8808,8.119,11659,False
166426,Pirates of the Caribbean: Dead Men Tell No Tales,2017-05-23,Adventure|Action|Fantasy,en,14.166,6.664,12983,False
934433,Scream VI,2023-03-08,Horror|Thriller|Crime,en,13.5674,6.93,3287,False
4982,American Gangster,2007-11-02,Drama|Crime,en,13.2681,7.592,6156,False
889737,Joker: Folie à Deux,2024-10-01,Drama|Crime|Thriller,en,15.2813,5.4,3025,False
567,Rear Window,1954-08-01,Thriller|Mystery|Drama,en,14.0413,8.337,7297,False
746036,The Fall Guy,2024-04-24,Action|Comedy|Romance,en,12.8318,6.95,3963,False
913290,Barbarian,2022-09-08,Horror|Mystery|Thriller,en,14.2894,6.9,3423,False
335797,Sing,2016-11-23,Animation|Comedy|Family|Music,en,13.3484,7.1,8535,False
80278,The Impossible,2012-09-09,Drama|Thriller|History,en,14.1056,7.375,6799,False
1043197,Dust Bunny,2025-12-11,Fantasy|Action|Horror,en,12.8401,6.655,376,False
458156,John Wick: Chapter 3 - Parabellum,2019-05-15,Action|Thriller|Crime,en,14.3285,7.439,11967,False
460465,Mortal Kombat,2021-04-07,Action|Fantasy|Adventure,en,13.5379,7.041,6982,False
7512,Idiocracy,2006-09-01,Comedy|Science Fiction|Adventure|Thriller,en,13.4331,6.381,3730,False
882569,Guy Ritchie's The Covenant,2023-04-19,War|Action|Thriller,en,13.8721,7.713,3290,False
884605,No Hard Feelings,2023-06-15,Comedy|Romance,en,13.792,6.674,3980,False
605,The Matrix Revolutions,2003-11-05,Adventure|Action|Thriller|Science Fiction,en,14.3401,6.757,11027,False
764,The Evil Dead,1982-05-25,Horror,en,14.2158,7.268,4644,False
11688,The Emperor's New Groove,2000-12-15,Adventure|Animation|Comedy|Family|Fantasy,en,16.7112,7.566,7414,False
792307,Poor Things,2023-12-07,Science Fiction|Romance|Comedy,en,14.0525,7.633,5666,False
12230,One Hundred and One Dalmatians,1961-01-25,Adventure|Animation|Comedy|Family,en,11.3496,7.177,6743,False
3782,Ikiru,1952-10-09,Drama,ja,13.3562,8.308,1380,False
930564,Saltburn,2023-11-16,Drama|Comedy|Thriller,en,13.2121,6.939,3053,False
138832,We're the Millers,2013-08-07,Comedy|Crime,en,13.7992,6.838,9594,False
1167307,David,2025-12-14,Animation|Family|Drama|History|Adventure,en,14.279,8.008,180,False
602269,The Little Things,2021-01-28,Drama|Crime|Thriller,en,14.1712,6.356,2889,False
4951,10 Things I Hate About You,1999-03-30,Comedy|Romance|Drama,en,14.3417,7.596,9073,False
1159831,The Bride!,2026-03-04,Science Fiction|Horror|Fantasy,en,14.0261,6.108,622,False
57158,The Hobbit: The Desolation of Smaug,2013-12-11,Fantasy|Adventure|Action,en,13.7559,7.583,14451,False
1271,300,2007-03-07,Action|Adventure|War,en,14.0253,7.208,14986,False
799583,The Ministry of Ungentlemanly Warfare,2024-04-18,Action|Comedy|War,en,14.0043,6.996,2001,False
14,American Beauty,1999-09-15,Drama,en,13.9598,7.999,13242,False
19994,Jennifer's Body,2009-09-18,Horror|Comedy,en,13.9498,5.999,4345,False
417859,Puss in Boots,2011-10-27,Action|Adventure|Animation|Comedy|Family,en,13.936,6.616,4708,False
467905,How to Make a Killing,2026-02-16,Comedy|Thriller,en,13.9204,7.0,690,False
6479,I Am Legend,2007-12-12,Drama|Science Fiction|Thriller,en,13.9109,7.223,17189,False
974576,Conclave,2024-10-25,Drama|Thriller,en,13.91,7.191,3543,False
8681,Taken,2008-02-18,Action|Thriller,en,13.9041,7.408,12285,False
8355,Ice Age: Dawn of the Dinosaurs,2009-06-26,Animation|Comedy|Family|Adventure,en,13.8958,6.775,9005,False
264660,Ex Machina,2015-01-21,Drama|Science Fiction,en,13.8899,7.571,14489,False
316029,The Greatest Showman,2017-12-20,Drama,en,13.8835,7.854,10181,False
1397385,Little Brother,2026-06-18,Comedy,en,13.8491,6.449,336,False
758009,Shotgun Wedding,2022-12-28,Action|Comedy|Romance,en,13.7896,6.227,1333,False
9286,Final Destination 3,2006-02-09,Horror|Mystery,en,13.7874,6.156,4691,False
166424,Fantastic Four,2015-08-05,Action|Adventure|Science Fiction,en,13.7859,4.432,6501,False
1317672,Love Me Love Me,2026-02-12,Romance|Drama,en,13.7817,6.076,303,False
18240,The Proposal,2009-06-02,Comedy|Romance|Drama,en,13.7685,7.177,7700,False
616,The Last Samurai,2003-12-05,Drama|Action|War,en,13.7655,7.613,7703,False
7451,xXx,2002-08-09,Action|Adventure|Thriller|Crime|Drama,en,13.7602,5.991,4993,False
1241983,Train Dreams,2025-11-05,Drama|Western,en,13.7545,7.304,1134,False
9358,Final Destination 2,2003-01-31,Horror|Mystery,en,13.7406,6.318,4983,False
1007734,Nobody 2,2025-08-13,Action|Thriller|Comedy|Crime,en,13.7341,6.912,1759,False
109418,Grown Ups 2,2013-07-11,Comedy,en,13.7286,6.187,4782,False
101299,The Hunger Games: Catching Fire,2013-11-15,Adventure|Action|Science Fiction,en,13.7209,7.427,18672,False
947,Lawrence of Arabia,1962-12-11,Adventure|History|War,en,13.719,8.001,3530,False
573435,Bad Boys: Ride or Die,2024-06-05,Action|Comedy|Crime,en,13.7137,7.312,3432,False
467244,The Zone of Interest,2023-12-15,Drama|History|War,en,13.7118,7.011,2707,False
718930,Bullet Train,2022-08-03,Action|Comedy|Thriller,en,13.7072,7.409,7801,False
402,Basic Instinct,1992-03-20,Thriller|Mystery,en,13.7003,6.949,4476,False
522627,The Gentlemen,2020-01-01,Action|Comedy|Crime,en,13.6964,7.656,6779,False
2059,National Treasure,2004-11-19,Adventure|Action|Mystery,en,13.691,6.653,7000,False
8741,The Thin Red Line,1998-12-23,Drama|History|War,en,13.6706,7.44,3384,False
168259,Furious 7,2015-04-01,Action|Crime|Thriller,en,13.663,7.214,11432,False
